statNm,statId,chgerId,chgerType,addr,location,latitute,longtitute,useTime,busiId,bnm,busiNm,busiCall,stat,statUpdDt,lastTsdt,lastTedt,nowTsdt,output,method,zcode,zscode,kind,kindDetail,parkingFree,limitYn,limitDetail,delYn
종묘 공영주차장,ME000001,1,3,서울특별시 종로구 종로 157,,37.571076,126.99588,24시간 이용가능,ME,환경부,환경부,1661-9408,9,2022-03-16 14:43,2021-10-28 0:27,2021-10-28 0:46,,50,단독,11,11110,B0,B001,Y,N,,N
세종로 공영주차장,ME000002,1,6,서울특별시 종로구 세종대로 189,,37.573611,126.976011,24시간 이용가능,ME,환경부,환경부,1661-9408,9,2021-08-31 22:43,2021-08-26 2:38,2021-08-26 3:04,,50,단독,11,11110,B0,B001,Y,N,,N
그랜드앰배서더 서울,ME000003,1,6,서울특별시 중구 동호로 287,,37.559352,127.00235,24시간 이용가능,ME,환경부,환경부,1661-9408,9,2021-09-10 10:33,2021-09-05 21:48,2021-09-05 22:18,,50,단독,11,11140,E0,E003,N,N,,N
한강진역 공영주차장,ME000004,1,3,서울특별시 용산구 한남동 산10-84,,37.540085,127.002804,24시간 이용가능,ME,환경부,환경부,1661-9408,9,2021-09-10 9:53,2021-09-03 9:05,2021-09-03 9:35,,50,단독,11,11170,B0,B001,Y,N,,N
마장동사무소 앞(공중전화부스),ME000006,1,6,서울특별시 성동구 마장동 808,,37.5660935,127.0455256,24시간 이용가능,ME,환경부,환경부,1661-9408,9,2022-08-11 12:43,2022-08-11 8:59,2022-08-11 9:21,,50,단독,11,11200,G0,G003,N,N,,N
청량리롯데백화점,ME000007,1,3,서울특별시 동대문구 왕산로 214,,37.58065,127.047938,24시간 이용가능,ME,환경부,환경부,1661-9408,9,2021-10-25 11:33,2021-10-23 18:55,2021-10-23 18:55,,50,단독,11,11230,E0,E002,N,N,,N
이마트 이문점,ME000008,1,3,서울특별시 동대문구 이문로 136,,37.598454,127.061848,10:00~24:00,ME,환경부,환경부,1661-9408,9,2021-08-03 11:08,2021-07-14 17:07,2021-07-14 17:40,,50,단독,11,11230,E0,E001,N,N,,N
홈플러스 월곡점,ME000011,1,3,서울특별시 성북구 화랑로 76,,37.60208293,127.040024,10:00~24:00,ME,환경부,환경부,1661-9408,9,2021-10-29 10:38,2021-10-26 17:07,2021-10-26 17:40,,50,단독,11,11290,E0,E001,N,N,,N
성북벤처빌딩 공영주차장,ME000012,1,6,서울특별시 성북구 장위2동 65-154,,37.60936,127.053263,,ME,환경부,환경부,1661-9408,9,2022-08-11 12:48,2022-08-11 8:18,2022-08-11 8:58,2022-08-11 11:55,50,단독,11,11290,B0,B001,N,N,,N
롯데마트 삼양점,ME000013,1,3,서울특별시 강북구 삼양로 247,,37.625405,127.017897,10:00~24:00,ME,환경부,환경부,1661-9408,9,2021-11-23 18:53,,2021-10-08 14:20,,50,단독,11,11305,E0,E001,N,N,,N
이마트 은평점,ME000016,1,3,서울특별시 은평구 은평로 111,,37.60047527,126.9204741,10:00~24:00,ME,환경부,환경부,1661-9408,9,2021-09-06 10:03,2021-08-21 10:39,2021-08-21 10:40,,50,단독,11,11380,E0,E001,N,N,,N
구파발역 환승주차장,ME000017,1,3,서울특별시 은평구 진관동 66-30,,37.63791,126.9191,24시간 이용가능,ME,환경부,환경부,1661-9408,9,2021-09-10 10:28,2021-09-08 13:26,2021-09-08 14:07,,50,단독,11,11380,B0,B003,Y,N,,N
홈플러스 월드컵점,ME000018,1,3,서울특별시 마포구 월드컵로 240,,37.566685,126.898753,08:00~24:00,ME,환경부,환경부,1661-9408,9,2021-09-03 14:23,2021-09-03 12:52,2021-09-03 13:12,,50,단독,11,11440,E0,E001,N,N,,N
시설관리공단 마포유수지주차장,ME000019,1,3,서울특별시 마포구 마포대로1길 19,,37.539442,126.943054,24시간 이용가능,ME,환경부,환경부,1661-9408,9,2021-09-10 9:53,2021-09-07 9:46,2021-09-07 10:26,,50,단독,11,11440,B0,B001,Y,N,,N
홈플러스 목동점,ME000021,1,3,서울특별시 양천구 목동서로 170,,37.52992611,126.8736403,10:00~24:00,ME,환경부,환경부,1661-9408,9,2021-08-10 16:33,2021-08-09 12:14,2021-08-09 12:42,,50,단독,11,11470,E0,E001,N,N,,N
해맞이공영주차장,ME000022,1,6,서울특별시 양천구 지양로 47,,37.520062,126.834854,24시간 이용가능,ME,환경부,환경부,1661-9408,9,2022-08-11 1:18,2022-08-10 21:01,2022-08-10 21:18,,50,단독,11,11470,B0,B001,N,N,,N
홈플러스 가양점,ME000023,1,3,서울특별시 강서구 양천로 431,,37.56401856,126.8505957,10:00~24:00,ME,환경부,환경부,1661-9408,9,2021-10-07 15:43,2021-08-10 15:50,2021-08-10 16:27,,50,단독,11,11500,E0,E001,N,N,,N
롯데마트 김포공항점,ME000024,1,6,서울특별시 강서구 하늘길 77,,37.563453,126.803539,24시간 이용가능,ME,환경부,환경부,1661-9408,9,2021-07-28 12:03,2021-07-28 11:06,2021-07-28 11:30,,50,단독,11,11500,E0,E001,Y,N,,N
메이필드호텔,ME000025,1,6,서울특별시 강서구 방화대로 94,,37.546851,126.818613,24시간 이용가능,ME,환경부,환경부,1661-9408,9,2021-08-10 17:28,2021-08-10 15:53,2021-08-10 16:16,,50,단독,11,11500,E0,E003,N,N,,N
천왕역 환승주차장,ME000027,1,3,서울특별시 구로구 오류동 174-10,,37.487234,126.839153,24시간 이용가능,ME,환경부,환경부,1661-9408,9,2021-09-10 10:28,2021-02-09 0:06,2021-01-20 13:00,,50,단독,11,11530,B0,B003,Y,N,,N
구로리공원 앞(공중전화부스),ME000028,1,6,서울특별시 구로구 구로동 136-14,,37.4912466,126.8919514,24시간 이용가능,ME,환경부,환경부,1661-9408,9,2022-08-11 12:48,2022-08-11 11:26,2022-08-11 12:06,2022-08-11 12:09,50,단독,11,11530,G0,G003,N,N,,N
홈플러스 시흥점,ME000029,1,3,서울특별시 금천구 시흥대로 201,,37.45222814,126.9009394,10:00~24:00,ME,환경부,환경부,1661-9408,9,2021-08-03 11:08,2019-04-27 12:46,2019-04-26 16:52,,50,단독,11,11545,E0,E001,N,N,,N
제일모직아울렛 건너편(공중전화부스),ME000031,1,6,서울특별시 금천구 가산동 239-27,,37.4744454,126.8867302,24시간 이용가능,ME,환경부,환경부,1661-9408,9,2022-06-21 13:58,2022-06-21 8:22,2022-06-21 9:02,,50,단독,11,11545,G0,G003,N,N,,N
영등포구 대신시장(공중전화부스),ME000032,1,6,서울특별시 영등포구 신길1동 116-15,,37.5113404,126.9176919,24시간 이용가능,ME,환경부,환경부,1661-9408,9,2022-08-11 12:48,2022-08-11 10:25,2022-08-11 11:05,,50,단독,11,11560,G0,G003,N,N,,N
동작주차공원 공영주차장,ME000035,1,6,서울특별시 동작구 현충로 213,,37.503803,126.976775,24시간 이용가능,ME,환경부,환경부,1661-9408,9,2021-09-10 10:33,2021-07-31 17:33,2021-07-31 18:13,,50,단독,11,11590,B0,B001,Y,N,,N
조원동 제1공영주차장,ME000036,1,6,서울특별시 관악구 신림동 571-6,,37.481069,126.905703,24시간 이용가능,ME,환경부,환경부,1661-9408,9,2022-08-11 12:48,2022-08-11 10:46,2022-08-11 11:24,,50,단독,11,11620,B0,B001,N,N,,N
사당역 공영주차장,ME000037,1,3,서울특별시 서초구 과천대로 950-18,,37.475256,126.982638,24시간 이용가능,ME,환경부,환경부,1661-9408,9,2021-09-10 9:53,2021-09-08 16:34,2021-09-08 17:13,,50,단독,11,11650,B0,B001,Y,N,,N
이마트 양재점,ME000038,1,3,서울특별시 서초구 매헌로 16,,37.463293,127.036812,09:00~24:00,ME,환경부,환경부,1661-9408,9,2021-10-07 15:48,2021-07-01 21:52,2021-07-01 22:22,,50,단독,11,11650,E0,E001,N,N,,N
수서역 공영주차장,ME000039,1,3,서울특별시 강남구 수서동 735,,37.487569,127.101016,24시간 이용가능,ME,환경부,환경부,1661-9408,9,2021-09-10 9:53,2021-09-08 15:52,2021-09-08 16:30,,50,단독,11,11680,B0,B001,Y,N,,N
학여울역 공영주차장,ME000040,1,3,서울특별시 강남구 남부순환로 3104,,37.496722,127.070444,05:00~익일01:00,ME,환경부,환경부,1661-9408,9,2021-10-21 15:33,2021-10-05 18:39,2021-10-05 19:20,,50,단독,11,11680,B0,B001,Y,N,,N
롯데마트 잠실점,ME000044,1,3,서울특별시 송파구 올림픽로 240,,37.511818,127.096321,10:00~24:00,ME,환경부,환경부,1661-9408,9,2021-11-17 14:08,2021-11-13 13:42,2021-11-13 14:21,,50,단독,11,11710,E0,E001,N,N,,N
이마트 명일점,ME000045,1,3,서울특별시 강동구 고덕로 276,,37.554606,127.155966,10:00~24:00,ME,환경부,환경부,1661-9408,9,2021-08-03 11:13,2021-07-09 10:51,2021-07-09 10:51,,50,단독,11,11740,E0,E001,N,N,,N
노보텔,ME174001,1,6,서울특별시 강남구 봉은사로 130,,37.5052721,127.0289991,24시간 이용가능,ME,환경부,환경부,1661-9408,2,2022-08-21 8:20,2022-08-20 18:53,2022-08-20 19:26,,50,단독,11,11680,E0,E003,N,N,,N
암사1동 공영주차장,ME174003,1,6,서울특별시 강동구 고덕로28길 36,,37.5529087,127.1372547,24시간 이용가능,ME,환경부,환경부,1661-9408,2,2022-08-21 13:01,2022-08-21 12:31,2022-08-21 13:01,,50,단독,11,11740,B0,B001,N,N,,N
천호유수지 공영주차장,ME174004,1,6,서울특별시 강동구 선사로 70,,37.5448122,127.1218396,24시간 이용가능,ME,환경부,환경부,1661-9408,2,2022-08-21 14:00,2022-08-21 13:18,2022-08-21 14:00,,50,단독,11,11740,B0,B001,N,N,,N
천호3동 제1공영주차장,ME174005,1,6,서울특별시 강동구 진황도로29길 34,,37.5387951,127.1333987,24시간 이용가능,ME,환경부,환경부,1661-9408,2,2022-08-21 14:23,2022-08-21 13:42,2022-08-21 14:23,,50,단독,11,11740,B0,B001,N,N,,N
가로공원로 지하공영주차장,ME174006,1,6,서울특별시 강서구 가로공원로 189,,37.5372628,126.8383789,24시간 이용가능,ME,환경부,환경부,1661-9408,2,2022-08-21 15:54,2022-08-21 15:11,2022-08-21 15:54,,50,단독,11,11500,B0,B001,N,N,,N
곰달래문화복지센터 공영주차장,ME174007,1,6,서울특별시 강서구 강서로5길 50,,37.5289561,126.8490887,24시간 이용가능,ME,환경부,환경부,1661-9408,2,2022-08-21 15:20,2022-08-21 14:39,2022-08-21 15:20,,50,단독,11,11500,B0,B001,N,N,,N
볏골공원 지하공영주차장,ME174008,1,6,서울특별시 강서구 까치산로4길 22,,37.5419747,126.8444499,24시간 이용가능,ME,환경부,환경부,1661-9408,3,2022-08-21 17:09,2022-08-21 9:07,2022-08-21 9:50,,50,단독,11,11500,B0,B001,N,N,,N
화곡6-1 공영주차장,ME174009,1,6,서울특별시 강서구 우장산로 114,,37.5530457,126.8488169,24시간 이용가능,ME,환경부,환경부,1661-9408,2,2022-08-20 22:17,2022-08-20 21:34,2022-08-20 22:17,,50,단독,11,11500,B0,B001,N,N,,N
홈플러스 강서점,ME174010,1,6,서울특별시 강서구 화곡로 398,,37.5591218,126.8549199,24시간 이용가능,ME,환경부,환경부,1661-9408,3,2022-08-21 17:32,2022-08-21 16:08,2022-08-21 16:50,2022-08-21 17:32,50,단독,11,11500,E0,E001,N,N,,N
신림동 제1공영주차장,ME174011,1,6,서울특별시 관악구 관천로 98,,37.4874046,126.9235075,24시간 이용가능,ME,환경부,환경부,1661-9408,2,2022-08-21 17:02,2022-08-21 16:28,2022-08-21 17:02,,50,단독,11,11620,B0,B001,N,N,,N
난곡동 제1공영주차장,ME174012,1,6,서울특별시 관악구 난곡로34나길 14,,37.4722977,126.9231169,24시간 이용가능,ME,환경부,환경부,1661-9408,2,2022-08-21 12:53,2022-08-21 12:12,2022-08-21 12:53,,50,단독,11,11620,B0,B001,N,N,,N
낙성대동주민센터,ME174013,1,6,서울특별시 관악구 낙성대로4가길 5,,37.476296,126.9583876,24시간 이용가능,ME,환경부,환경부,1661-9408,2,2022-08-21 17:41,2022-08-21 16:59,2022-08-21 17:41,,50,단독,11,11620,G0,G003,Y,N,,N
낙성대동주민센터,ME174013,2,6,서울특별시 관악구 낙성대로4가길 5,,37.476296,126.9583876,24시간 이용가능,ME,환경부,환경부,1661-9408,9,2021-08-11 14:08,2021-08-11 13:25,2021-08-11 13:27,2021-08-11 13:37,50,단독,11,11620,G0,G003,Y,N,,N
보라매 제1공영주차장,ME174014,1,6,서울특별시 관악구 봉천로21길 38,,37.488301,126.9346119,24시간 이용가능,ME,환경부,환경부,1661-9408,3,2022-08-21 17:40,2022-08-21 14:41,2022-08-21 15:19,2022-08-21 17:40,50,단독,11,11620,B0,B001,N,N,,N
보라매 제1공영주차장,ME174014,2,6,"입구좌측, 지하 각 1기",,37.488301,126.9346119,24시간 이용가능,ME,환경부,환경부,1661-9408,9,2022-05-02 11:38,2022-02-16 17:33,2022-02-16 18:16,,50,단독,11,11620,B0,B001,N,N,,N
원신 공영주차장,ME174015,1,6,서울특별시 관악구 양지길 63,,37.470038,126.9292421,24시간 이용가능,ME,환경부,환경부,1661-9408,2,2022-08-21 10:36,2022-08-21 9:55,2022-08-21 10:36,,50,단독,11,11620,B0,B001,N,N,,N
어린이대공원 후문주차장,ME174016,1,6,서울특별시 광진구 능동로 216,,37.5515067,127.0869275,24시간 이용가능,ME,환경부,환경부,1661-9408,3,2022-08-21 17:36,2022-08-21 15:41,2022-08-21 15:54,2022-08-21 17:36,50,단독,11,11215,D0,D007,N,N,,N
홈플러스 신도림점,ME174017,1,6,서울특별시 구로구 경인로 661,,37.5099693,126.888413,24시간 이용가능,ME,환경부,환경부,1661-9408,2,2022-08-21 15:07,2022-08-21 14:41,2022-08-21 15:07,,50,단독,11,11530,E0,E001,N,N,,N
롯데마트 중계점,ME174018,1,6,서울특별시 노원구 노원로 330,,37.6466673,127.0715514,24시간 이용가능,ME,환경부,환경부,1661-9408,2,2022-08-21 16:00,2022-08-21 13:50,2022-08-21 14:30,,50,단독,11,11350,E0,E001,N,N,,N
홈플러스 중계점,ME174019,1,6,서울특별시 노원구 동일로204가길 12,,37.6400856,127.0685413,24시간 이용가능,ME,환경부,환경부,1661-9408,2,2022-08-21 17:08,2022-08-21 16:34,2022-08-21 17:08,,50,단독,11,11350,E0,E001,N,N,,N
실증용 Mock-up 주택 홍보관,ME174020,1,6,서울특별시 노원구 하계동 251-8,,37.6381803,127.0737876,24시간 이용가능,ME,환경부,환경부,1661-9408,3,2022-08-21 17:28,2022-08-21 17:12,2022-08-21 17:27,,50,단독,11,11350,D0,D005,N,N,,N
실증용 Mock-up 주택 홍보관,ME174020,2,6,서울특별시 노원구 하계동 251-8,,37.6381803,127.0737876,24시간 이용가능,ME,환경부,환경부,1661-9408,2,2022-08-21 14:45,2022-08-21 14:10,2022-08-21 14:45,,50,단독,11,11350,D0,D005,N,N,,N
동대문구청,ME174021,1,6,서울특별시 동대문구 천호대로 145,,37.5746807,127.0401814,24시간 이용가능,ME,환경부,환경부,1661-9408,3,2022-08-21 17:35,2022-08-21 16:12,2022-08-21 16:47,2022-08-21 17:35,50,단독,11,11230,A0,A001,N,N,,N
중앙대학교병원 다정관 주차장,ME174022,1,6,서울특별시 동작구 흑석로 102,,37.5055471,126.9607195,24시간 이용가능,ME,환경부,환경부,1661-9408,9,2022-08-16 21:53,2022-08-08 19:05,2022-08-08 19:42,,50,단독,11,11590,I0,I001,N,N,,N
양화진공영주차장,ME174023,1,6,서울특별시 마포구 토정로 2,,37.5457992,126.9117265,24시간 이용가능,ME,환경부,환경부,1661-9408,2,2022-08-21 13:07,2022-08-21 6:04,2022-08-21 6:32,,50,단독,11,11440,B0,B001,N,N,,N
공덕1-1공영주차장,ME174024,1,6,옥상,,37.5471234,126.9612454,주차장 전산시스템 교체 작업으로 입장 불가,ME,환경부,환경부,1661-9408,2,2022-08-21 15:20,2022-08-21 14:37,2022-08-21 15:20,,50,단독,11,11440,B0,B001,N,N,,N
홍제견인차량보관소 주차장,ME174025,1,6,서울특별시 서대문구 홍제내길 227,,37.5905929,126.9407564,24시간 이용가능,ME,환경부,환경부,1661-9408,2,2022-08-20 19:24,2022-08-20 19:16,2022-08-20 19:24,,50,단독,11,11410,A0,A004,N,N,,N
홍제견인차량보관소 주차장,ME174025,2,6,서울특별시 서대문구 홍제내길 227,,37.5905929,126.9407564,24시간 이용가능,ME,환경부,환경부,1661-9408,2,2022-08-21 14:09,2022-08-21 13:50,2022-08-21 14:09,,50,단독,11,11410,A0,A004,N,N,,N
서울시인재개발원,ME174026,1,6,서울특별시 서초구 남부순환로 340길 58,,37.481369,127.0238502,24시간 이용가능,ME,환경부,환경부,1661-9408,2,2022-08-21 17:41,2022-08-21 17:04,2022-08-21 17:41,,50,단독,11,11650,A0,A004,N,N,,N
서울추모공원,ME174027,1,6,서울특별시 서초구 양재대로12길 74,,37.4536062,127.0428005,24시간 이용가능,ME,환경부,환경부,1661-9408,2,2022-08-20 6:11,2022-08-19 14:53,2022-08-19 15:29,,50,단독,11,11650,A0,A004,N,N,,N
아시아공원 공영주차장,ME174028,1,6,서울특별시 송파구 잠실동 84,,37.5102969,127.0788121,24시간 이용가능,ME,환경부,환경부,1661-9408,2,2022-08-21 17:16,2022-08-21 16:51,2022-08-21 17:16,,50,단독,11,11710,B0,B001,N,N,,N
아시아공원 공영주차장,ME174028,2,6,서울특별시 송파구 잠실동 84,,37.5102969,127.0788121,24시간 이용가능,ME,환경부,환경부,1661-9408,2,2022-08-21 15:25,2022-08-21 14:42,2022-08-21 15:25,,50,단독,11,11710,B0,B001,N,N,,N
아시아공원 공영주차장,ME174028,3,6,서울특별시 송파구 잠실동 84,,37.5102969,127.0788121,24시간 이용가능,ME,환경부,환경부,1661-9408,2,2022-08-21 17:00,2022-08-21 16:30,2022-08-21 16:39,,50,단독,11,11710,B0,B001,N,N,,N
롯데마트 송파점,ME174029,1,6,서울특별시 송파구 중대로 80,,37.4918392,127.1178931,24시간 이용가능,ME,환경부,환경부,1661-9408,3,2022-08-21 17:40,2022-08-21 16:52,2022-08-21 17:30,2022-08-21 17:40,50,단독,11,11710,E0,E001,N,N,,N
홈플러스 영등포점,ME174030,1,6,서울특별시 영등포구 당산로 42,,37.5190208,126.8957999,24시간 이용가능,ME,환경부,환경부,1661-9408,2,2022-08-21 13:01,2022-08-21 12:31,2022-08-21 13:01,,50,단독,11,11560,E0,E001,N,N,,N
신길6동 공영노외주차장(구 신길 제5동 주민센터),ME174031,1,6,서울특별시 영등포구 신길동 3203,,37.50251299,126.9110497,24시간 이용가능,ME,환경부,환경부,1661-9408,2,2022-08-20 15:16,2022-08-20 14:38,2022-08-20 15:16,,50,단독,11,11560,G0,G003,N,N,,N
신길4동1마을공원 공영주차장,ME174032,1,6,서울특별시 영등포구 신길로40길 5,,37.507122,126.9116817,24시간 이용가능,ME,환경부,환경부,1661-9408,2,2022-08-20 17:38,2022-08-20 17:01,2022-08-20 17:38,,50,단독,11,11560,B0,B001,N,N,,N
당산에스에이치빌 아파트 앞,ME174033,1,6,서울특별시 영등포구 영신로 183,,37.524217,126.9019801,24시간 이용가능,ME,환경부,환경부,1661-9408,2,2022-08-21 17:39,2022-08-21 17:22,2022-08-21 17:39,,50,단독,11,11560,G0,G003,N,N,,N
영등포 제3공영,ME174034,1,6,서울특별시 영등포구 영중로3길 7,,37.5180087,126.9030865,24시간 이용가능,ME,환경부,환경부,1661-9408,3,2022-08-21 17:16,2022-08-21 14:40,2022-08-21 15:23,2022-08-21 17:16,50,단독,11,11560,B0,B001,N,N,,N
신창동 공영주차장,ME174035,1,6,서울특별시 용산구 원효로35길 53,,37.5353568,126.9552587,24시간 이용가능,ME,환경부,환경부,1661-9408,3,2022-08-21 17:11,2022-08-21 10:33,2022-08-21 11:16,2022-08-21 17:11,50,단독,11,11170,B0,B001,N,N,,N
한남동 공영주차장,ME174036,1,6,서울특별시 용산구 이태원로 224-19,,37.5349284,127.0002489,24시간 이용가능,ME,환경부,환경부,1661-9408,2,2022-08-21 14:51,2022-08-21 12:07,2022-08-21 12:47,,50,단독,11,11170,B0,B001,N,N,,N
현대자동차 수색대리점,ME174037,1,6,서울특별시 은평구 수색로 342-1,,37.5867665,126.8880299,24시간 이용가능,ME,환경부,환경부,1661-9408,3,2022-08-21 17:17,2022-08-21 8:09,2022-08-21 8:38,2022-08-21 17:17,50,단독,11,11380,F0,F001,N,N,,N
은평구민체육센터,ME174038,1,6,서울특별시 은평구 진관1로 40,,37.6310603,126.9246413,24시간 이용가능,ME,환경부,환경부,1661-9408,2,2022-08-21 12:53,2022-08-21 12:28,2022-08-21 12:53,,50,단독,11,11380,A0,A004,N,N,,N
태화빌딩,ME174039,1,6,서울특별시 종로구 인사동5길 29,,37.5718148,126.9850443,24시간 이용가능,ME,환경부,환경부,1661-9408,2,2022-08-20 16:18,2022-08-20 14:52,2022-08-20 15:20,,50,단독,11,11110,H0,H003,N,N,,N
한국예술종합학교(종로),ME174040,1,6,서울특별시 종로구 창경궁로 215,,37.5824318,126.9974047,24시간 이용가능,ME,환경부,환경부,1661-9408,2,2022-08-21 15:55,2022-08-21 15:14,2022-08-21 15:55,,50,단독,11,11110,J0,J001,N,N,,N
국립극장,ME174041,1,6,국립극장 좌측 출구 주차장,,37.5517908,127.0002167,05:00~23:00,ME,환경부,환경부,1661-9408,2,2022-08-21 17:14,2022-08-21 16:38,2022-08-21 17:14,,50,단독,11,11140,A0,A004,N,N,,N
국립극장,ME174041,2,6,국립극장 좌측 출구 주차장,,37.5517908,127.0002167,05:00~23:00,ME,환경부,환경부,1661-9408,2,2022-08-21 16:41,2022-08-21 16:02,2022-08-21 16:41,,50,단독,11,11140,A0,A004,N,N,,N
홈플러스 상봉점,ME174042,1,6,서울특별시 중랑구 망우로 353,,37.5983156,127.0905669,24시간 이용가능,ME,환경부,환경부,1661-9408,2,2022-08-21 14:46,2022-08-21 14:25,2022-08-21 14:46,,50,단독,11,11260,E0,E001,N,N,,N
홈플러스 신내점,ME174043,1,6,서울특별시 중랑구 신내로 201,,37.6159847,127.0939656,24시간 이용가능,ME,환경부,환경부,1661-9408,2,2022-08-19 18:30,2022-08-19 17:47,2022-08-19 18:30,,50,단독,11,11260,E0,E001,N,N,,N
용마폭포공원 공영주차장,ME174044,1,6,서울특별시 중랑구 용마산로 250-12,,37.5745068,127.089592,24시간 이용가능,ME,환경부,환경부,1661-9408,2,2022-08-21 17:26,2022-08-21 14:54,2022-08-21 15:35,,50,단독,11,11260,B0,B001,N,N,,N
서울만남휴게소(부산방향),ME178009,1,6,서울특별시 서초구 양재대로12길 73-71 (원지동),,37.4600218,127.0420378,24시간 이용가능,ME,환경부,환경부,1661-9408,2,2022-08-21 1:10,2022-08-21 0:40,2022-08-21 1:10,,50,단독,11,11650,C0,C001,Y,N,,N
서울만남휴게소(부산방향),ME178009,2,6,서울특별시 서초구 양재대로12길 73-71 (원지동),,37.4600218,127.0420378,24시간 이용가능,ME,환경부,환경부,1661-9408,2,2022-08-21 16:14,2022-08-21 15:33,2022-08-21 16:14,,50,단독,11,11650,C0,C001,Y,N,,N
파크하얏트서울호텔,ME181101,1,6,서울특별시 강남구 테헤란로606,,37.508834,127.064114,24시간 이용가능,ME,환경부,환경부,1661-9408,2,2022-08-20 14:43,2022-08-19 15:33,2022-08-19 16:06,,50,단독,11,11680,E0,E003,Y,N,,N
스위스그랜드호텔(구 그랜드힐튼호텔),ME181102,1,6,서울특별시 서대문구 연희로 353,,37.590003,126.934744,24시간 이용가능,ME,환경부,환경부,1661-9408,2,2022-08-21 16:55,2022-08-21 16:14,2022-08-21 16:54,,50,단독,11,11410,E0,E003,Y,N,,N
롯데 VIC마켓 금천점,ME181133,1,6,,,37.470581,126.895698,10:00~22:00,ME,환경부,환경부,1661-9408,2,2022-08-21 16:38,2022-08-21 11:09,2022-08-21 11:13,,50,단독,11,11545,E0,E001,Y,N,,N
롯데 VIC마켓 금천점,ME181133,2,6,,,37.470581,126.895698,10:00~22:00,ME,환경부,환경부,1661-9408,2,2022-08-21 11:40,2022-08-21 10:59,2022-08-21 11:40,,50,단독,11,11545,E0,E001,Y,N,,N
우리은행본점,ME181150,12,6,서울특별시 중구 소공로 51번지,,37.559534,126.981817,24시간 이용가능,ME,환경부,환경부,1661-9408,2,2022-08-19 11:42,2022-08-19 10:43,2022-08-19 11:26,,50,단독,11,11140,I0,I008,Y,N,,N
우리은행본점,ME181150,13,6,서울특별시 중구 소공로 51번지,,37.559534,126.981817,24시간 이용가능,ME,환경부,환경부,1661-9408,2,2022-08-21 15:25,2022-08-21 14:45,2022-08-21 15:25,,50,단독,11,11140,I0,I008,Y,N,,N
마곡레포츠센터,ME183001,1,6,"서울특별시 강서구 양천로 251, 입구 우측",,37.5728411,126.8323738,24시간 이용가능,ME,환경부,환경부,1661-9408,2,2022-08-21 16:55,2022-08-21 16:13,2022-08-21 16:55,,50,단독,11,11500,A0,A004,Y,N,,N
창2동 제4공영주차장,ME183002,1,6,서울특별시 도봉구 창2동 582-22,,37.6413031,127.0364035,24시간 이용가능,ME,환경부,환경부,1661-9408,3,2022-08-21 17:22,2022-08-21 13:22,2022-08-21 14:04,,50,단독,11,11320,B0,B001,N,N,,N
창3동 제1공영주차장,ME183003,1,6,"서울특별시 도봉구 창3동 504-21, 좌측 안쪽",,37.6332558,127.0412125,24시간 이용가능,ME,환경부,환경부,1661-9408,2,2022-08-21 16:51,2022-08-21 16:19,2022-08-21 16:51,,50,단독,11,11320,B0,B001,N,N,,N
창천공영주차장,ME183004,1,6,"서울특별시 마포구 노고산동 33-1, B3 28",,37.55493,126.9389738,24시간 이용가능,ME,환경부,환경부,1661-9408,4,2022-07-25 17:26,2022-07-25 9:13,2022-07-25 9:54,,50,단독,11,11440,B0,B001,N,N,,N
번동햇살 공영주차장,ME183005,1,6,"서울특별시 강북구 오현로 21길 84, 옥상 주차장",,37.6249449,127.0334805,24시간 이용가능,ME,환경부,환경부,1661-9408,2,2022-08-21 14:26,2022-08-21 13:14,2022-08-21 13:54,,50,단독,11,11305,B0,B001,N,N,,N
난향동 주민센터,ME183006,1,6,서울특별시 관악구 난곡로 67,,37.4616153,126.9189711,24시간 이용가능,ME,환경부,환경부,1661-9408,3,2022-08-21 17:20,2022-08-21 16:38,2022-08-21 17:20,2022-08-21 17:20,50,단독,11,11620,A0,A002,Y,N,,N
시흥제4동공영주차장,ME183007,1,6,"서울특별시 금천구 독산로 36나길 21, B1 18",,37.4589664,126.9084827,24시간 이용가능,ME,환경부,환경부,1661-9408,2,2022-08-21 17:02,2022-08-21 16:24,2022-08-21 17:02,,50,단독,11,11545,B0,B001,N,N,,N
쌍문3동 제2공영주차장,ME183008,1,6,"서울특별시 도봉구 쌍문3동 315-62, 지하 1층 안쪽",,37.6493531,127.0293841,24시간 이용가능,ME,환경부,환경부,1661-9408,2,2022-08-21 15:13,2022-08-21 14:33,2022-08-21 15:13,,50,단독,11,11320,B0,B001,Y,N,,N
스탠포드호텔코리아,ME183009,1,6,"서울특별시 마포구 상암동 월드컵북로 58길 15, 지하4층 18",,37.5823581,126.886648,24시간 이용가능,ME,환경부,환경부,1661-9408,2,2022-08-21 10:07,2022-08-21 9:24,2022-08-21 10:07,,50,단독,11,11440,E0,E003,Y,N,,N
국회도서관,ME183103,1,6,"서울특별시 영등포구 의사당대로1, 국회도서관 앞",,37.5300002,126.9169991,24시간 이용가능,ME,환경부,환경부,1661-9408,2,2022-08-21 16:19,2022-08-21 15:47,2022-08-21 16:19,,50,단독,11,11560,A0,A003,Y,N,,N
국회도서관,ME183103,2,4,"서울특별시 영등포구 의사당대로1, 국회도서관 앞",,37.5300002,126.9169991,24시간 이용가능,ME,환경부,환경부,1661-9408,2,2022-08-21 16:13,2022-08-21 15:32,2022-08-21 16:13,,100,동시,11,11560,A0,A003,Y,N,,N
국회도서관,ME183103,52,4,"서울특별시 영등포구 의사당대로1, 국회도서관 앞",,37.5300002,126.9169991,24시간 이용가능,ME,환경부,환경부,1661-9408,2,2022-08-21 15:47,2022-08-21 8:40,2022-08-21 9:20,,100,동시,11,11560,A0,A003,Y,N,,N
국회의원회관,ME183219,1,6,"서울특별시 영등포구 의사당대로1, 국회의원회관 주차장 우측",,37.5284644,126.9149198,24시간 이용가능,ME,환경부,환경부,1661-9408,2,2022-08-21 16:11,2022-08-21 15:34,2022-08-21 16:11,,50,단독,11,11560,A0,A003,Y,N,,N
국회의원회관,ME183219,2,4,"서울특별시 영등포구 의사당대로1, 국회의원회관 주차장 우측",,37.5284644,126.9149198,24시간 이용가능,ME,환경부,환경부,1661-9408,2,2022-08-19 10:54,2022-08-19 10:53,2022-08-19 10:54,,100,동시,11,11560,A0,A003,Y,N,,N
국회의원회관,ME183219,52,4,"서울특별시 영등포구 의사당대로1, 국회의원회관 주차장 우측",,37.5284644,126.9149198,24시간 이용가능,ME,환경부,환경부,1661-9408,2,2022-08-19 13:56,2022-08-19 13:14,2022-08-19 13:56,,100,동시,11,11560,A0,A003,Y,N,,N
노원에코센터,ME184075,1,6,서울특별시 노원구 덕릉로 450,,37.644779,127.059382,24시간 이용가능,ME,환경부,환경부,1661-9408,3,2022-08-21 17:18,2022-08-21 1:19,2022-08-21 2:02,2022-08-21 17:18,50,단독,11,11350,A0,A004,Y,N,,N
영등포구청 환승공영주차장,ME184076,1,6,서울특별시 영등포구 양산로111,,37.524521,126.895436,06:00~21:00,ME,환경부,환경부,1661-9408,2,2022-08-20 21:22,2022-08-20 20:50,2022-08-20 21:22,,50,단독,11,11560,B0,B003,N,N,,N
서울의료원,ME184077,1,6,서울특별시 중랑구 신내로 156,,37.6128457,127.0993409,24시간 이용가능,ME,환경부,환경부,1661-9408,2,2022-08-21 15:08,2022-08-21 14:27,2022-08-21 15:08,,50,단독,11,11260,I0,I001,Y,N,,N
롯데 빅마켓,ME18A002,1,6,"서울특별시 영등포구 영중로 125, 지상주차장(외부 1F)",,37.528123,126.90408,24시간 이용가능,ME,환경부,환경부,031-994-6115,2,2022-08-21 17:41,2022-08-21 17:24,2022-08-21 17:41,,50,단독,11,11560,E0,E001,Y,N,,N
롯데 빅마켓,ME18A002,2,5,"서울특별시 영등포구 영중로 125, 지상주차장(외부 1F)",,37.528123,126.90408,24시간 이용가능,ME,환경부,환경부,031-994-6115,2,2022-08-21 3:06,2022-08-21 3:04,2022-08-21 3:06,,50,단독,11,11560,E0,E001,Y,N,,N
롯데 빅마켓,ME18A002,3,4,"서울특별시 영등포구 영중로 125, 지상주차장(외부 1F)",,37.528123,126.90408,24시간 이용가능,ME,환경부,환경부,031-994-6115,2,2022-08-21 3:43,2022-08-21 3:08,2022-08-21 3:43,,100,동시,11,11560,E0,E001,Y,N,,N
롯데 빅마켓,ME18A002,4,4,"서울특별시 영등포구 영중로 125, 지상주차장(외부 1F)",,37.528123,126.90408,24시간 이용가능,ME,환경부,환경부,031-994-6115,2,2022-08-20 21:55,2022-08-20 8:07,2022-08-20 8:39,,100,동시,11,11560,E0,E001,Y,N,,N
롯데 빅마켓,ME18A002,5,4,"서울특별시 영등포구 영중로 125, 지상주차장(외부 1F)",,37.528123,126.90408,24시간 이용가능,ME,환경부,환경부,031-994-6115,2,2022-08-21 14:04,2022-08-20 16:41,2022-08-20 17:11,,100,동시,11,11560,E0,E001,Y,N,,N
롯데 빅마켓,ME18A002,6,4,"서울특별시 영등포구 영중로 125, 지상주차장(외부 1F)",,37.528123,126.90408,24시간 이용가능,ME,환경부,환경부,031-994-6115,2,2022-08-20 14:19,2022-08-20 14:04,2022-08-20 14:19,,100,동시,11,11560,E0,E001,Y,N,,N
성애병원,ME18B159,1,6,서울특별시 영등포구 여의대방로 53길 22,,37.51202,126.92238,24시간 이용가능,ME,환경부,환경부,1661-9408,3,2022-08-21 17:16,2022-08-21 8:30,2022-08-21 8:38,2022-08-21 17:16,100,단독,11,11560,I0,I001,N,N,,N
냉천길 공영주차장,ME18B160,1,6,서울특별시 강북구 삼양로 230-12,,37.62393,127.01953,24시간 이용가능,ME,환경부,환경부,1661-9408,2,2022-08-21 6:41,2022-08-21 5:59,2022-08-21 6:42,,100,단독,11,11305,B0,B001,N,N,,N
미아동 공영주차장,ME18B161,1,6,서울특별시 강북구 도봉로 61길 46,,37.62851,127.02233,24시간 이용가능,ME,환경부,환경부,1661-9408,2,2022-08-21 15:09,2022-08-21 14:26,2022-08-21 15:09,,100,단독,11,11305,B0,B001,N,N,,N
수유마을시장 공영주차장,ME18B162,1,6,서울특별시 강북구 도봉로 69길 29,,37.62047,127.02679,"평일07:00~22:00,토일 09:00~18:00",ME,환경부,환경부,1661-9408,2,2022-08-21 14:13,2022-08-21 13:54,2022-08-21 14:12,,100,단독,11,11305,B0,B001,N,N,,N
개봉1동 주민센터 옆 공영주차장,ME18B163,1,6,서울특별시 구로구 개봉동 134-8,,37.50016,126.85106,24시간 이용가능,ME,환경부,환경부,1661-9408,2,2022-08-21 16:13,2022-08-21 15:33,2022-08-21 16:13,,100,단독,11,11530,B0,B001,N,N,,N
하늘공원주차장,ME18B164,1,6,서울특별시 구로구 벚꽃로 370,,37.48739,126.88051,24시간 이용가능,ME,환경부,환경부,1661-9408,2,2022-08-21 14:55,2022-08-21 14:17,2022-08-21 14:55,,100,단독,11,11530,B0,B002,N,N,,N
쌍문2동 제3공영주차장,ME18B165,1,6,서울특별시 도봉구 쌍문2동 710-4,,37.66116,127.03864,24시간 이용가능,ME,환경부,환경부,1661-9408,2,2022-08-21 14:48,2022-08-21 14:07,2022-08-21 14:48,,100,단독,11,11320,B0,B001,Y,N,,N
서초구청,ME18B166,1,6,서울특별시 서초구 남부순환로 2584,,37.48358,127.03269,"유료09:00~18:00, 무료18:00~08:00",ME,환경부,환경부,1661-9408,2,2022-08-21 15:59,2022-08-21 15:48,2022-08-21 15:59,,100,단독,11,11650,A0,A001,N,N,,N
북한산국립공원 정릉탐방지원센터,ME18B167,1,6,서울특별시 성북구 정릉동 829-1,,37.61846,126.9969,24시간 이용가능,ME,환경부,환경부,1661-9408,2,2022-08-21 11:43,2022-08-21 7:32,2022-08-21 7:49,,100,단독,11,11290,D0,D006,N,N,,N
북한산국립공원주차장,ME18B168,1,6,서울특별시 은평구 진관동 278,,37.65584,126.94885,24시간 이용가능,ME,환경부,환경부,1661-9408,2,2022-08-21 10:52,2022-08-21 10:30,2022-08-21 10:52,,100,단독,11,11380,D0,D006,N,N,,N
부암동 주민센터,ME18B169,1,6,서울특별시 종로구 창의문로 145,,37.59246,126.96412,24시간 이용가능,ME,환경부,환경부,1661-9408,2,2022-08-21 17:40,2022-08-21 16:27,2022-08-21 17:08,,100,단독,11,11110,A0,A002,Y,N,,N
SETEC,ME18B170,1,6,서울특별시 강남구 남부순환로3104,,37.49584,127.07223,24시간 이용가능,ME,환경부,환경부,1661-9408,2,2022-08-21 17:24,2022-08-21 17:17,2022-08-21 17:24,,100,단독,11,11680,D0,D002,N,N,,N
논현로22길 공영주차장,ME18B171,1,6,서울특별시 강남구 개포로 25길 32,,37.48151,127.04851,24시간 이용가능,ME,환경부,환경부,1661-9408,2,2022-08-21 15:39,2022-08-21 15:34,2022-08-21 15:39,,100,단독,11,11680,B0,B001,N,N,,N
대청역 공영주차장,ME18B172,1,6,서울특별시 강남구 개포동 13-2,,37.49491,127.07928,24시간 이용가능,ME,환경부,환경부,1661-9408,2,2022-08-21 16:30,2022-08-21 15:50,2022-08-21 16:30,,100,단독,11,11680,B0,B001,N,N,,N
압구정로29길 공영노상주차장,ME18B173,1,6,서울특별시 강남구 압구정동 453,,37.52968,127.02782,24시간 이용가능,ME,환경부,환경부,1661-9408,2,2022-08-21 17:01,2022-08-21 13:13,2022-08-21 13:27,,100,단독,11,11680,B0,B001,N,N,,N
가오리 공영주차장,ME18B174,1,6,서울특별시 강북구 삼양로107길 30,,37.64152,127.01495,24시간 이용가능,ME,환경부,환경부,1661-9408,3,2022-08-21 17:10,2022-08-21 16:03,2022-08-21 16:46,2022-08-21 17:10,100,단독,11,11305,B0,B001,N,N,,N
가양레포츠센터,ME18B175,1,6,서울특별시 강서구 양천로61길 101,,37.56198,126.86373,24시간 이용가능,ME,환경부,환경부,1661-9408,3,2022-08-21 17:26,2022-08-21 13:32,2022-08-21 14:15,2022-08-21 17:26,100,단독,11,11500,A0,A004,Y,N,,N
강서구민올림픽체육센터,ME18B176,1,6,,,37.55962,126.85057,06:00~22:00,ME,환경부,환경부,1661-9408,2,2022-08-21 16:26,2022-08-21 16:05,2022-08-21 16:26,,100,단독,11,11500,A0,A004,Y,N,,N
상계2동 공영주차장,ME18B177,1,6,서울특별시 노원구 상계2동 373-13,,37.65668,127.06751,24시간 이용가능,ME,환경부,환경부,1661-9408,3,2022-08-21 17:14,2022-08-21 16:56,2022-08-21 17:02,,100,단독,11,11350,B0,B001,Y,N,,N
DMC 산학협력연구센터,ME18B178,1,6,서울특별시 마포구 매봉산로 37,,37.576,126.89053,24시간 이용가능,ME,환경부,환경부,1661-9408,2,2022-08-21 15:11,2022-08-20 23:36,2022-08-21 0:08,,100,단독,11,11440,A0,A004,N,N,,N
마천동2공영주차장,ME18B179,1,6,서울특별시 송파구 성내천로299-7,,37.49427,127.15624,24시간 이용가능,ME,환경부,환경부,1661-9408,2,2022-08-21 13:59,2022-08-21 13:30,2022-08-21 13:59,,100,단독,11,11710,B0,B001,Y,N,,N
거여동공영주차장,ME18B180,1,6,서울특별시 송파구 오금로68길8,,37.49223,127.15033,24시간 이용가능,ME,환경부,환경부,1661-9408,3,2022-08-21 17:36,2022-08-21 8:12,2022-08-21 8:38,2022-08-21 17:36,100,단독,11,11710,B0,B001,Y,N,,N
천마공영주차장,ME18B181,1,6,서울특별시 송파구 성내천로33가길20,,37.50028,127.15482,24시간 이용가능,ME,환경부,환경부,1661-9408,3,2022-08-21 17:13,2022-08-21 13:46,2022-08-21 14:29,2022-08-21 17:13,100,단독,11,11710,B0,B001,Y,N,,N
이태원2동공영주차장,ME18B182,1,6,서울특별시 용산구 회나무로 55？,,37.54034,126.99267,24시간 이용가능,ME,환경부,환경부,1661-9408,2,2022-08-21 16:04,2022-08-21 10:51,2022-08-21 11:12,,100,단독,11,11170,B0,B001,N,N,,N
이마트 은평점,ME18B183,1,6,,,37.60077,126.92049,09:30~23:00,ME,환경부,환경부,1661-9408,3,2022-08-21 17:30,2022-08-21 13:44,2022-08-21 13:57,2022-08-21 17:30,100,단독,11,11380,E0,E001,Y,N,,N
신월5동 주민센터,ME18B184,1,6,서울특별시 양천구 화곡로4길 10,,37.53852,126.82716,24시간 이용가능,ME,환경부,환경부,1661-9408,2,2022-08-21 15:03,2022-08-21 13:53,2022-08-21 14:02,,100,단독,11,11470,A0,A002,Y,N,,N
신정1동 주민센터,ME18B185,1,6,서울특별시 양천구 중앙로 32길 1,,37.51855,126.85429,24시간 이용가능,ME,환경부,환경부,1661-9408,2,2022-08-21 17:17,2022-08-21 14:34,2022-08-21 14:42,,100,단독,11,11470,A0,A002,Y,N,,N
목2동 주민센터,ME18B186,1,6,서울특별시 양천구 목동 중앙본로 120,,37.5461,126.87168,24시간 이용가능,ME,환경부,환경부,1661-9408,2,2022-08-21 16:51,2022-08-21 15:03,2022-08-21 15:41,,100,단독,11,11470,A0,A002,Y,N,,N
송정동 공영주차장,ME18B187,1,6,서울특별시 성동구 동일로 199,,37.54988,127.06804,24시간 이용가능,ME,환경부,환경부,1661-9408,2,2022-08-21 14:08,2022-08-21 13:42,2022-08-21 14:08,,100,단독,11,11200,B0,B001,N,N,,N
sh서울주택도시공사,ME18B278,11,4,서울특별시 강남구 개포로 621,,37.49414,127.07879,24시간 이용가능,ME,환경부,환경부,1661-9408,2,2022-08-21 10:02,2022-08-21 9:19,2022-08-21 10:02,,200,동시,11,11680,A0,A003,Y,N,,N
sh서울주택도시공사,ME18B278,12,4,서울특별시 강남구 개포로 621,,37.49414,127.07879,24시간 이용가능,ME,환경부,환경부,1661-9408,2,2022-08-21 16:29,2022-08-21 15:48,2022-08-21 16:29,,200,동시,11,11680,A0,A003,Y,N,,N
강동구청,ME18B279,11,4,서울특별시 강동구 성내로 25,,37.53025,127.12379,24시간 이용가능,ME,환경부,환경부,1661-9408,2,2022-08-21 9:36,2022-08-21 8:57,2022-08-21 9:36,,200,동시,11,11740,A0,A001,N,N,,N
강동구청,ME18B279,12,4,서울특별시 강동구 성내로 25,,37.53025,127.12379,24시간 이용가능,ME,환경부,환경부,1661-9408,2,2022-08-21 14:36,2022-08-21 13:53,2022-08-21 14:36,,200,동시,11,11740,A0,A001,N,N,,N
홈플러스 금천점,ME18B280,11,4,서울특별시 금천구 시흥대로 391,,37.46864,126.89681,10:00~23:00,ME,환경부,환경부,1661-9408,2,2022-08-20 19:23,2022-08-20 19:13,2022-08-20 19:23,,200,동시,11,11545,E0,E001,Y,N,,N
홈플러스 금천점,ME18B280,12,4,서울특별시 금천구 시흥대로 391,,37.46864,126.89681,10:00~23:00,ME,환경부,환경부,1661-9408,2,2022-08-21 16:24,2022-08-21 16:02,2022-08-21 16:24,,200,동시,11,11545,E0,E001,Y,N,,N
도봉산환승주차장,ME18B281,11,4,서울특별시 도봉구 도봉동 341-1,,37.69,127.04325,24시간 이용가능,ME,환경부,환경부,1661-9408,2,2022-08-19 19:40,2022-08-19 18:59,2022-08-19 19:40,,200,동시,11,11320,B0,B003,N,N,,N
도봉산환승주차장,ME18B281,12,4,서울특별시 도봉구 도봉동 341-1,,37.69,127.04325,24시간 이용가능,ME,환경부,환경부,1661-9408,2,2022-08-20 8:16,2022-08-20 7:54,2022-08-20 8:16,,200,동시,11,11320,B0,B003,N,N,,N
도봉구청,ME18B282,11,4,서울특별시 도봉구 마들로 656,,37.66862,127.04704,09:00~18:00,ME,환경부,환경부,1661-9408,3,2022-08-21 17:21,2022-08-21 15:38,2022-08-21 15:52,2022-08-21 17:21,200,동시,11,11320,A0,A003,Y,N,,N
도봉구청,ME18B282,12,4,서울특별시 도봉구 마들로 656,,37.66862,127.04704,09:00~18:00,ME,환경부,환경부,1661-9408,2,2022-08-21 17:24,2022-08-21 16:40,2022-08-21 17:24,,200,동시,11,11320,A0,A003,Y,N,,N
마장축산물시장 서문 공영주차장,ME18B283,11,4,서울특별시 성동구 고산자로 26길 6,,37.57041,127.03833,24시간 이용가능,ME,환경부,환경부,1661-9408,2,2022-08-21 12:57,2022-08-21 12:14,2022-08-21 12:57,,200,동시,11,11200,B0,B001,N,N,,N
마장축산물시장 서문 공영주차장,ME18B283,12,4,서울특별시 성동구 고산자로 26길 6,,37.57041,127.03833,24시간 이용가능,ME,환경부,환경부,1661-9408,2,2022-08-21 13:56,2022-08-21 13:17,2022-08-21 13:56,,200,동시,11,11200,B0,B001,N,N,,N
서울약령시 공영주차장,ME18B284,11,4,서울특별시 동대문구 약령중앙로 26,,37.58051,127.03715,24시간 이용가능,ME,환경부,환경부,1661-9408,9,2022-08-14 20:58,2022-08-14 18:05,2022-08-14 18:40,,200,동시,11,11230,B0,B001,N,N,,N
서울약령시 공영주차장,ME18B284,12,4,서울특별시 동대문구 약령중앙로 26,,37.58051,127.03715,24시간 이용가능,ME,환경부,환경부,1661-9408,9,2022-08-14 20:58,2022-08-14 16:11,2022-08-14 16:47,,200,동시,11,11230,B0,B001,N,N,,N
롯데마트 서울양평점,ME18B285,1,6,서울특별시 영등포구 선유로 138,,37.52604,126.89173,24시간 이용가능,ME,환경부,환경부,1661-9408,2,2022-08-19 23:14,2022-08-19 22:07,2022-08-19 22:50,,100,단독,11,11560,E0,E001,Y,N,,N
롯데마트 서울양평점,ME18B285,2,6,서울특별시 영등포구 선유로 138,,37.52604,126.89173,24시간 이용가능,ME,환경부,환경부,1661-9408,2,2022-08-21 17:13,2022-08-21 15:15,2022-08-21 15:58,,100,단독,11,11560,E0,E001,Y,N,,N
도봉기적의도서관,ME18B286,1,6,서울특별시 도봉구 마들로 797,,37.6809066,127.0503438,09:00~18:00,ME,환경부,환경부,1661-9408,3,2022-08-21 17:38,2022-08-21 16:57,2022-08-21 17:38,2022-08-21 17:38,100,단독,11,11215,A0,A003,Y,N,,N
도봉기적의도서관,ME18B286,2,6,서울특별시 도봉구 마들로 797,,37.6809066,127.0503438,09:00~18:00,ME,환경부,환경부,1661-9408,3,2022-08-21 17:17,2022-08-21 16:48,2022-08-21 17:15,2022-08-21 17:17,100,단독,11,11215,A0,A003,Y,N,,N
구파발광역환승센터 주차장,ME18B287,11,4,지상 3층,,37.637968,126.91937,24시간 이용가능,ME,환경부,환경부,1661-9408,2,2022-08-21 7:18,2022-08-21 7:00,2022-08-21 7:18,,200,동시,11,11380,B0,B003,N,N,,N
구파발광역환승센터 주차장,ME18B287,12,4,지상 3층,,37.637968,126.91937,24시간 이용가능,ME,환경부,환경부,1661-9408,3,2022-08-21 17:34,2022-08-21 15:46,2022-08-21 16:28,2022-08-21 17:34,200,동시,11,11380,B0,B003,N,N,,N
서울역사박물관,ME18B288,11,4,서울특별시 종로구 새문안로 55,,37.57005,126.97053,24시간 이용가능,ME,환경부,환경부,1661-9408,2,2022-08-21 8:53,2022-08-21 8:48,2022-08-21 8:53,,200,동시,11,11110,D0,D008,N,N,,N
서울역사박물관,ME18B288,12,4,서울특별시 종로구 새문안로 55,,37.57005,126.97053,24시간 이용가능,ME,환경부,환경부,1661-9408,2,2022-08-21 4:30,2022-08-21 4:08,2022-08-21 4:30,,200,동시,11,11110,D0,D008,N,N,,N
신정3동 넓은들 민원센터,ME18B289,11,4,서울특별시 양천구 남부순환로 88길 5-7,,37.5113,126.84145,24시간 이용가능,ME,환경부,환경부,1661-9408,3,2022-08-21 17:12,2022-08-21 16:28,2022-08-21 17:11,2022-08-21 17:12,200,동시,11,11470,A0,A002,Y,N,,N
신정3동 넓은들 민원센터,ME18B289,12,4,서울특별시 양천구 남부순환로 88길 5-7,,37.5113,126.84145,24시간 이용가능,ME,환경부,환경부,1661-9408,2,2022-08-21 17:16,2022-08-21 10:57,2022-08-21 11:38,,200,동시,11,11470,A0,A002,Y,N,,N
용답동 공영주차장,ME18B290,11,4,서울특별시 성동구 용답동 4-1,,37.56452,127.05429,24시간 이용가능,ME,환경부,환경부,1661-9408,2,2022-08-20 21:52,2022-08-20 21:29,2022-08-20 21:52,,200,동시,11,11200,B0,B001,Y,N,,N
용답동 공영주차장,ME18B290,12,4,서울특별시 성동구 용답동 4-1,,37.56452,127.05429,24시간 이용가능,ME,환경부,환경부,1661-9408,2,2022-08-20 12:46,2022-08-20 12:23,2022-08-20 12:46,,200,동시,11,11200,B0,B001,Y,N,,N
마포공영주차장,ME18B406,1,4,서울특별시 마포구 마포대로1길 9,,37.53853862,126.9434403,24시간 이용가능,ME,환경부,환경부,1661-9408,9,2022-08-21 13:18,2022-08-20 14:18,2022-08-20 14:58,,100,단독,11,11440,B0,B001,N,N,,N
마포공영주차장,ME18B406,2,4,서울특별시 마포구 마포대로1길 9,,37.53853862,126.9434403,24시간 이용가능,ME,환경부,환경부,1661-9408,9,2022-08-21 15:43,2022-08-21 12:30,2022-08-21 13:10,,100,단독,11,11440,B0,B001,N,N,,N
마포공영주차장,ME18B406,3,4,서울특별시 마포구 마포대로1길 9,,37.53853862,126.9434403,24시간 이용가능,ME,환경부,환경부,1661-9408,9,2022-08-21 14:53,2022-08-20 18:06,2022-08-20 18:46,,100,단독,11,11440,B0,B001,N,N,,N
마포공영주차장,ME18B406,4,4,서울특별시 마포구 마포대로1길 9,,37.53853862,126.9434403,24시간 이용가능,ME,환경부,환경부,1661-9408,3,2022-08-21 17:29,2022-08-21 14:48,2022-08-21 15:23,2022-08-21 17:29,100,단독,11,11440,B0,B001,N,N,,N
롯데백화점 본점,ME18B407,11,4,서울특별시 중구 을지로 30,,37.56499,126.98136,09:00~21:00,ME,환경부,환경부,1661-9408,2,2022-08-21 12:16,2022-08-21 11:58,2022-08-21 12:15,,200,동시,11,11140,E0,E002,N,N,,N
롯데백화점 본점,ME18B407,12,4,서울특별시 중구 을지로 30,,37.56499,126.98136,09:00~21:00,ME,환경부,환경부,1661-9408,2,2022-08-19 14:30,2022-08-19 13:52,2022-08-19 14:30,,200,동시,11,11140,E0,E002,N,N,,N
롯데백화점 본점,ME18B407,13,4,서울특별시 중구 을지로 30,,37.56499,126.98136,09:00~21:00,ME,환경부,환경부,1661-9408,9,2022-08-19 17:28,2022-07-25 14:42,2022-07-25 14:45,,200,동시,11,11140,E0,E002,N,N,,N
롯데백화점 본점,ME18B407,14,4,서울특별시 중구 을지로 30,,37.56499,126.98136,09:00~21:00,ME,환경부,환경부,1661-9408,2,2022-08-20 15:39,2022-08-18 10:40,2022-08-18 10:56,,200,동시,11,11140,E0,E002,N,N,,N
성수2가 공영주차장,ME18B408,1,4,서울특별시 성동구 광나루로4가길 23,,37.54909,127.05516,24시간 이용가능,ME,환경부,환경부,1661-9408,9,2022-08-21 13:18,2022-06-29 11:03,2022-06-29 11:35,,100,단독,11,11200,B0,B001,N,N,,N
성수2가 공영주차장,ME18B408,2,4,서울특별시 성동구 광나루로4가길 23,,37.54909,127.05516,24시간 이용가능,ME,환경부,환경부,1661-9408,9,2022-08-21 13:18,2022-07-01 7:10,2022-07-01 7:21,,100,단독,11,11200,B0,B001,N,N,,N
성수2가 공영주차장,ME18B408,3,4,서울특별시 성동구 광나루로4가길 23,,37.54909,127.05516,24시간 이용가능,ME,환경부,환경부,1661-9408,9,2022-08-10 21:58,2022-07-01 7:32,2022-07-01 7:57,,100,단독,11,11200,B0,B001,N,N,,N
성수2가 공영주차장,ME18B408,4,4,서울특별시 성동구 광나루로4가길 23,,37.54909,127.05516,24시간 이용가능,ME,환경부,환경부,1661-9408,9,2022-08-21 13:18,2022-07-08 15:14,2022-07-08 15:47,,100,단독,11,11200,B0,B001,N,N,,N
충현동 제1공영주차장,ME19A149,1,4,서울특별시 서대문구 충정로2가 78-13,,37.5646084,126.964361,24시간 이용가능,ME,환경부,환경부,1661-9408,2,2022-08-20 12:05,2022-08-20 11:41,2022-08-20 12:05,,100,단독,11,11410,B0,B001,N,N,,N
남가좌2동 공영주차장,ME19A150,1,4,서울특별시 서대문구 남가좌2동 3-75,,37.5830145,126.9231095,24시간 이용가능,ME,환경부,환경부,1661-9408,2,2022-08-21 15:58,2022-08-21 15:19,2022-08-21 15:58,,100,단독,11,11410,B0,B001,N,N,,N
미도아파트 앞 공영주차장,ME19A151,1,4,서울특별시 서초구 반포동 49-8,,37.49981208,127.0105027,24시간 이용가능,ME,환경부,환경부,1661-9408,2,2022-08-21 13:46,2022-08-21 13:40,2022-08-21 13:46,,100,단독,11,11650,B0,B001,N,N,,N
올림픽공원,ME19A152,1,4,서울특별시 송파구 올림픽로 424,,37.5171577,127.115847,24시간 이용가능,ME,환경부,환경부,1661-9408,2,2022-08-21 17:25,2022-08-21 16:04,2022-08-21 16:35,,100,단독,11,11710,D0,D001,N,N,,N
구민회관,ME19A153,1,4,서울특별시 송파구 백제고분로 242,,37.502452,127.0931042,09:00~18:00 이후 무료,ME,환경부,환경부,1661-9408,3,2022-08-21 17:09,2022-08-21 14:12,2022-08-21 14:38,2022-08-21 17:09,100,단독,11,11710,A0,A004,N,N,,N
문화회관동측 주차장,ME19A154,1,4,서울특별시 양천구 신정6동 322-5,,37.5167683,126.8635627,09:00~18:00 이후 무료,ME,환경부,환경부,1661-9408,2,2022-08-21 17:08,2022-08-21 16:37,2022-08-21 17:08,,100,단독,11,11470,B0,B001,N,N,,N
곰달래공영주차장,ME19A155,1,4,서울특별시 양천구 곰달래로10길 4,,37.5295552,126.8357706,24시간 이용가능,ME,환경부,환경부,1661-9408,2,2022-08-21 13:50,2022-08-21 13:38,2022-08-21 13:50,,100,단독,11,11470,B0,B001,N,N,,N
다락골공영주차장,ME19A156,1,4,서울특별시 양천구 중앙로29길 41,,37.5163711,126.8492558,24시간 이용가능,ME,환경부,환경부,1661-9408,2,2022-08-20 22:05,2022-08-20 21:33,2022-08-20 22:05,,100,단독,11,11470,B0,B001,N,N,,N
일원2동 주민센터,ME19A157,1,4,서울특별시 강남구 개포로 607,,37.4919959,127.0738859,24시간 이용가능,ME,환경부,환경부,1661-9408,2,2022-08-21 17:11,2022-08-21 16:38,2022-08-21 17:11,,100,단독,11,11680,A0,A002,Y,N,,N
목4동주민센터,ME19A158,1,4,서울특별시 양천구 목동중앙로 25,,37.5324277,126.8686162,24시간 이용가능,ME,환경부,환경부,1661-9408,2,2022-08-21 10:41,2022-08-21 10:13,2022-08-21 10:41,,100,단독,11,11470,A0,A002,Y,N,,N
한국장애인개발원 본사,ME19A159,1,4,서울특별시 영등포구 의사당대로 22,,37.5269301,126.9179382,09:00~19:00 토요일 무료개방,ME,환경부,환경부,1661-9408,9,2022-08-19 17:43,2022-08-18 12:37,2022-08-18 13:09,,100,단독,11,11560,A0,A003,N,N,,N
영등포본동제1(공영주차장),ME19A160,1,4,서울특별시 영등포구 영신로 10길 15,,37.5142799,126.9093244,24시간 이용가능,ME,환경부,환경부,1661-9408,2,2022-08-21 15:53,2022-08-21 8:30,2022-08-21 8:49,,100,단독,11,11560,B0,B001,N,N,,N
마포중앙도서관,ME19A164,1,4,서울특별시 마포구 성산로 128,,37.5636424,126.9082864,24시간 이용가능,ME,환경부,환경부,1661-9408,2,2022-08-21 16:35,2022-08-21 16:03,2022-08-21 16:35,,100,단독,11,11440,I0,I005,N,N,,N
강남구청 삼성로 별관 부설 주차장,ME19A166,1,4,서울특별시 강남구 삼성로 628,,37.51617891,127.0520033,09:00~18:00,ME,환경부,환경부,1661-9408,2,2022-08-21 14:50,2022-08-21 12:56,2022-08-21 13:20,,100,단독,11,11680,A0,A001,N,N,,N
국방부 서문 주차장,ME19A170,1,4,서울특별시 용산구 한강대로 62다길 42,,37.5331513,126.975461,24시간 이용가능,ME,환경부,환경부,1661-9408,2,2022-08-21 17:40,2022-08-21 17:01,2022-08-21 17:40,,100,단독,11,11170,A0,A003,Y,N,,N
일원본동 주민센터,ME19A171,1,4,서울특별시 강남구 광평로 126,,37.4833754,127.0863932,24시간 이용가능,ME,환경부,환경부,1661-9408,3,2022-08-21 17:07,2022-08-21 16:45,2022-08-21 17:04,2022-08-21 17:07,100,단독,11,11680,A0,A002,Y,N,,N
탄천물재생센터,ME19A243,21,4,서울특별시 강남구 개포로 625,,37.4959067,127.0799979,24시간 이용가능,ME,환경부,환경부,1661-9408,2,2022-08-21 17:22,2022-08-21 16:42,2022-08-21 17:22,,200,동시,11,11680,A0,A004,N,N,,N
탄천물재생센터,ME19A243,22,4,서울특별시 강남구 개포로 625,,37.4959067,127.0799979,24시간 이용가능,ME,환경부,환경부,1661-9408,2,2022-08-21 15:23,2022-08-21 14:43,2022-08-21 15:23,,200,동시,11,11680,A0,A004,N,N,,N
한국원자력의학원 본사,ME19A244,21,4,서울특별시 노원구 노원로75,,37.6281908,127.0831959,24시간 이용가능,ME,환경부,환경부,1661-9408,2,2022-08-21 17:15,2022-08-21 16:34,2022-08-21 17:15,,200,동시,11,11350,A0,A003,N,N,,N
